,popularity,characteristic,power
0,0,valence,0.535
1,1,valence,0.4285
2,2,valence,0.493
3,3,valence,0.529
4,4,valence,0.517
5,5,valence,0.507
6,6,valence,0.532
7,7,valence,0.514
8,8,valence,0.503
9,9,valence,0.524
10,10,valence,0.4920000000000001
11,11,valence,0.4970000000000001
12,12,valence,0.507
13,13,valence,0.541
14,14,valence,0.532
15,15,valence,0.536
16,16,valence,0.542
17,17,valence,0.551
18,18,valence,0.541
19,19,valence,0.5585
20,20,valence,0.5545
21,21,valence,0.5760000000000001
22,22,valence,0.5645
23,23,valence,0.584
24,24,valence,0.585
25,25,valence,0.5634999999999999
26,26,valence,0.575
27,27,valence,0.581
28,28,valence,0.58
29,29,valence,0.5854999999999999
30,30,valence,0.568
31,31,valence,0.568
32,32,valence,0.5760000000000001
33,33,valence,0.564
34,34,valence,0.5660000000000001
35,35,valence,0.5720000000000001
36,36,valence,0.563
37,37,valence,0.58
38,38,valence,0.5720000000000001
39,39,valence,0.563
40,40,valence,0.56
41,41,valence,0.5665
42,42,valence,0.556
43,43,valence,0.557
44,44,valence,0.5489999999999999
45,45,valence,0.5489999999999999
46,46,valence,0.536
47,47,valence,0.5295000000000001
48,48,valence,0.5529999999999999
49,49,valence,0.5379999999999999
50,50,valence,0.522
51,51,valence,0.544
52,52,valence,0.531
53,53,valence,0.513
54,54,valence,0.521
55,55,valence,0.507
56,56,valence,0.513
57,57,valence,0.502
58,58,valence,0.513
59,59,valence,0.5035000000000001
60,60,valence,0.496
61,61,valence,0.5055000000000001
62,62,valence,0.511
63,63,valence,0.499
64,64,valence,0.512
65,65,valence,0.511
66,66,valence,0.486
67,67,valence,0.49650000000000005
68,68,valence,0.506
69,69,valence,0.506
70,70,valence,0.5215000000000001
71,71,valence,0.504
72,72,valence,0.509
73,73,valence,0.5155000000000001
74,74,valence,0.4885
75,75,valence,0.478
76,76,valence,0.478
77,77,valence,0.4845
78,78,valence,0.494
79,79,valence,0.5065
80,80,valence,0.51
81,81,valence,0.47650000000000003
82,82,valence,0.49000000000000005
83,83,valence,0.45999999999999996
84,84,valence,0.483
85,85,valence,0.48750000000000004
86,86,valence,0.494
87,87,valence,0.457
88,88,valence,0.569
89,89,valence,0.5579999999999999
90,90,valence,0.535
91,91,valence,0.7609999999999999
92,92,valence,0.623
93,93,valence,0.396
94,94,valence,0.696
95,95,valence,0.21985000000000002
96,96,valence,0.44999999999999996
97,97,valence,0.737
98,99,valence,0.7559999999999999
99,100,valence,0.145
100,0,acousticness,0.9740000000000001
101,1,acousticness,0.946
102,2,acousticness,0.94
103,3,acousticness,0.934
104,4,acousticness,0.935
105,5,acousticness,0.9195
106,6,acousticness,0.905
107,7,acousticness,0.9109999999999999
108,8,acousticness,0.8959999999999999
109,9,acousticness,0.8909999999999999
110,10,acousticness,0.8805
111,11,acousticness,0.875
112,12,acousticness,0.8645
113,13,acousticness,0.8240000000000001
114,14,acousticness,0.8290000000000001
115,15,acousticness,0.825
116,16,acousticness,0.8320000000000001
117,17,acousticness,0.805
118,18,acousticness,0.782
119,19,acousticness,0.7475
120,20,acousticness,0.703
121,21,acousticness,0.627
122,22,acousticness,0.5954999999999999
123,23,acousticness,0.5770000000000001
124,24,acousticness,0.515
125,25,acousticness,0.5015000000000001
126,26,acousticness,0.499
127,27,acousticness,0.46849999999999997
128,28,acousticness,0.425
129,29,acousticness,0.41200000000000003
130,30,acousticness,0.361
131,31,acousticness,0.332
132,32,acousticness,0.35
133,33,acousticness,0.321
134,34,acousticness,0.33899999999999997
135,35,acousticness,0.298
136,36,acousticness,0.292
137,37,acousticness,0.27649999999999997
138,38,acousticness,0.281
139,39,acousticness,0.293
140,40,acousticness,0.23199999999999998
141,41,acousticness,0.222
142,42,acousticness,0.223
143,43,acousticness,0.21899999999999997
144,44,acousticness,0.212
145,45,acousticness,0.21
146,46,acousticness,0.204
147,47,acousticness,0.19899999999999998
148,48,acousticness,0.201
149,49,acousticness,0.18100000000000002
150,50,acousticness,0.18
151,51,acousticness,0.165
152,52,acousticness,0.18899999999999997
153,53,acousticness,0.17
154,54,acousticness,0.157
155,55,acousticness,0.161
156,56,acousticness,0.159
157,57,acousticness,0.161
158,58,acousticness,0.173
159,59,acousticness,0.152
160,60,acousticness,0.166
161,61,acousticness,0.163
162,62,acousticness,0.182
163,63,acousticness,0.153
164,64,acousticness,0.15
165,65,acousticness,0.146
166,66,acousticness,0.16699999999999998
167,67,acousticness,0.146
168,68,acousticness,0.159
169,69,acousticness,0.168
170,70,acousticness,0.147
171,71,acousticness,0.158
172,72,acousticness,0.14650000000000002
173,73,acousticness,0.12
174,74,acousticness,0.154
175,75,acousticness,0.11
176,76,acousticness,0.128
177,77,acousticness,0.134
178,78,acousticness,0.151
179,79,acousticness,0.138
180,80,acousticness,0.0892
181,81,acousticness,0.1495
182,82,acousticness,0.137
183,83,acousticness,0.191
184,84,acousticness,0.149
185,85,acousticness,0.179
186,86,acousticness,0.156
187,87,acousticness,0.0816
188,88,acousticness,0.18600000000000005
189,89,acousticness,0.223
190,90,acousticness,0.235
191,91,acousticness,0.212
192,92,acousticness,0.16699999999999998
193,93,acousticness,0.23099999999999998
194,94,acousticness,0.14500000000000002
195,95,acousticness,0.491
196,96,acousticness,0.24369999999999997
197,97,acousticness,0.0112
198,99,acousticness,0.221
199,100,acousticness,0.401
200,0,danceability,0.506
201,1,danceability,0.521
202,2,danceability,0.513
203,3,danceability,0.523
204,4,danceability,0.5095000000000001
205,5,danceability,0.524
206,6,danceability,0.519
207,7,danceability,0.5045
208,8,danceability,0.5005
209,9,danceability,0.514
210,10,danceability,0.504
211,11,danceability,0.498
212,12,danceability,0.5015000000000001
213,13,danceability,0.516
214,14,danceability,0.513
215,15,danceability,0.52
216,16,danceability,0.507
217,17,danceability,0.5105
218,18,danceability,0.504
219,19,danceability,0.506
220,20,danceability,0.5185
221,21,danceability,0.514
222,22,danceability,0.514
223,23,danceability,0.526
224,24,danceability,0.528
225,25,danceability,0.515
226,26,danceability,0.518
227,27,danceability,0.517
228,28,danceability,0.5255000000000001
229,29,danceability,0.5365
230,30,danceability,0.525
231,31,danceability,0.528
232,32,danceability,0.534
233,33,danceability,0.535
234,34,danceability,0.534
235,35,danceability,0.5479999999999999
236,36,danceability,0.545
237,37,danceability,0.552
238,38,danceability,0.551
239,39,danceability,0.5529999999999999
240,40,danceability,0.5539999999999999
241,41,danceability,0.56
242,42,danceability,0.5589999999999999
243,43,danceability,0.562
244,44,danceability,0.565
245,45,danceability,0.5660000000000001
246,46,danceability,0.5660000000000001
247,47,danceability,0.564
248,48,danceability,0.578
249,49,danceability,0.5670000000000001
250,50,danceability,0.562
251,51,danceability,0.569
252,52,danceability,0.5770000000000001
253,53,danceability,0.5770000000000001
254,54,danceability,0.573
255,55,danceability,0.5760000000000001
256,56,danceability,0.5825
257,57,danceability,0.588
258,58,danceability,0.6
259,59,danceability,0.606
260,60,danceability,0.606
261,61,danceability,0.606
262,62,danceability,0.607
263,63,danceability,0.608
264,64,danceability,0.618
265,65,danceability,0.6165
266,66,danceability,0.625
267,67,danceability,0.6234999999999999
268,68,danceability,0.636
269,69,danceability,0.6409999999999999
270,70,danceability,0.635
271,71,danceability,0.652
272,72,danceability,0.6615
273,73,danceability,0.653
274,74,danceability,0.6545000000000001
275,75,danceability,0.6559999999999999
276,76,danceability,0.655
277,77,danceability,0.6579999999999999
278,78,danceability,0.6709999999999999
279,79,danceability,0.6779999999999999
280,80,danceability,0.664
281,81,danceability,0.6685000000000001
282,82,danceability,0.685
283,83,danceability,0.6744999999999999
284,84,danceability,0.72
285,85,danceability,0.7215
286,86,danceability,0.672
287,87,danceability,0.7190000000000001
288,88,danceability,0.711
289,89,danceability,0.7020000000000001
290,90,danceability,0.7440000000000001
291,91,danceability,0.718
292,92,danceability,0.789
293,93,danceability,0.58
294,94,danceability,0.7635000000000001
295,95,danceability,0.6575
296,96,danceability,0.7230000000000001
297,97,danceability,0.746
298,99,danceability,0.7
299,100,danceability,0.731
300,0,duration,0.03331825476919794
301,1,duration,0.03206890125800424
302,2,duration,0.03297500440872023
303,3,duration,0.03239205304097961
304,4,duration,0.03248596989622095
305,5,duration,0.03275762486310739
306,6,duration,0.032787355938583194
307,7,duration,0.03235880239893657
308,8,duration,0.03217476611553959
309,9,duration,0.03250523489216789
310,10,duration,0.032577386006796105
311,11,duration,0.03256247415897178
312,12,duration,0.03220570125326208
313,13,duration,0.03237241756434138
314,14,duration,0.03172037154767568
315,15,duration,0.03217476611553959
316,16,duration,0.03195747919009957
317,17,duration,0.031646182789245386
318,18,duration,0.03209326036345638
319,19,duration,0.032962685925734925
320,20,duration,0.0333121418377917
321,21,duration,0.03431114302184799
322,22,duration,0.03554493634400763
323,23,duration,0.035459633164838716
324,24,duration,0.036447612548329206
325,25,duration,0.036857642053411466
326,26,duration,0.03702065355757789
327,27,duration,0.038017246617140815
328,28,duration,0.03829631119785299
329,29,duration,0.03864826785457595
330,30,duration,0.04024624369627104
331,31,duration,0.03990058521129996
332,32,duration,0.0401451024675496
333,33,duration,0.04030311248238364
334,34,duration,0.04033275093768663
335,35,duration,0.04110825964472384
336,36,duration,0.041100942651070914
337,37,duration,0.04077853182947811
338,38,duration,0.04119837907287948
339,39,duration,0.041152809947851136
340,40,duration,0.041582567549744445
341,41,duration,0.041487446632256425
342,42,duration,0.041594793412556924
343,43,duration,0.041057689030363116
344,44,duration,0.04158479043389217
345,45,duration,0.04150837879131415
346,46,duration,0.041831901054980816
347,47,duration,0.04178874005444584
348,48,duration,0.041657867750248594
349,49,duration,0.04176039828156236
350,50,duration,0.04135768577013303
351,51,duration,0.0419480467516994
352,52,duration,0.041938229013380283
353,53,duration,0.04173316795075274
354,54,duration,0.04191229536499017
355,55,duration,0.04170352949544976
356,56,duration,0.041348701613369315
357,57,duration,0.04111817000321578
358,58,duration,0.04089189892101204
359,59,duration,0.04051613887987386
360,60,duration,0.04063895322903561
361,61,duration,0.04031255974001147
362,62,duration,0.04052540089715605
363,63,duration,0.04038221010997349
364,64,duration,0.039132393497915675
365,65,duration,0.03924603844996807
366,66,duration,0.039294941901217996
367,67,duration,0.039373205947252445
368,68,duration,0.03850498444722058
369,69,duration,0.039043848612698
370,70,duration,0.038440520806936586
371,71,duration,0.03879284794435084
372,72,duration,0.03844580015678743
373,73,duration,0.038738479902904424
374,74,duration,0.03792694194863952
375,75,duration,0.03865817821306789
376,76,duration,0.03763805962960823
377,77,duration,0.03751098475249667
378,78,duration,0.03652180130675949
379,79,duration,0.03802789793701532
380,80,duration,0.03695396703314617
381,81,duration,0.03617549448057866
382,82,duration,0.03855268383622383
383,83,duration,0.0365582936548513
384,84,duration,0.03567969869546339
385,85,duration,0.03245772074351029
386,86,duration,0.036395837871721806
387,87,duration,0.03450990591272364
388,88,duration,0.03500672051973995
389,89,duration,0.03645048377368668
390,90,duration,0.03619114728978555
391,91,duration,0.0341851795868103
392,92,duration,0.0337728345774075
393,93,duration,0.036889410772689354
394,94,duration,0.033270370139849056
395,95,duration,0.032373158525723957
396,96,duration,0.03238464342715386
397,97,duration,0.0359266240762064
398,99,duration,0.025084877126373927
399,100,duration,0.03704473480251157
400,0,energy,0.23399999999999999
401,1,energy,0.214
402,2,energy,0.249
403,3,energy,0.244
404,4,energy,0.245
405,5,energy,0.2665
406,6,energy,0.275
407,7,energy,0.254
408,8,energy,0.26
409,9,energy,0.262
410,10,energy,0.267
411,11,energy,0.27699999999999997
412,12,energy,0.289
413,13,energy,0.312
414,14,energy,0.294
415,15,energy,0.299
416,16,energy,0.302
417,17,energy,0.313
418,18,energy,0.33799999999999997
419,19,energy,0.37
420,20,energy,0.3915
421,21,energy,0.425
422,22,energy,0.4370000000000001
423,23,energy,0.44799999999999995
424,24,energy,0.48700000000000004
425,25,energy,0.47750000000000004
426,26,energy,0.4920000000000001
427,27,energy,0.503
428,28,energy,0.51
429,29,energy,0.513
430,30,energy,0.531
431,31,energy,0.536
432,32,energy,0.525
433,33,energy,0.5379999999999999
434,34,energy,0.5329999999999999
435,35,energy,0.545
436,36,energy,0.555
437,37,energy,0.5555000000000001
438,38,energy,0.561
439,39,energy,0.565
440,40,energy,0.6
441,41,energy,0.599
442,42,energy,0.604
443,43,energy,0.5954999999999999
444,44,energy,0.617
445,45,energy,0.627
446,46,energy,0.619
447,47,energy,0.63
448,48,energy,0.6335
449,49,energy,0.636
450,50,energy,0.642
451,51,energy,0.6409999999999999
452,52,energy,0.635
453,53,energy,0.644
454,54,energy,0.639
455,55,energy,0.6509999999999999
456,56,energy,0.6515
457,57,energy,0.645
458,58,energy,0.655
459,59,energy,0.6555
460,60,energy,0.6459999999999999
461,61,energy,0.647
462,62,energy,0.637
463,63,energy,0.639
464,64,energy,0.643
465,65,energy,0.6465
466,66,energy,0.632
467,67,energy,0.6365000000000001
468,68,energy,0.659
469,69,energy,0.636
470,70,energy,0.645
471,71,energy,0.6445000000000001
472,72,energy,0.654
473,73,energy,0.6635
474,74,energy,0.6545
475,75,energy,0.6509999999999999
476,76,energy,0.648
477,77,energy,0.6695
478,78,energy,0.652
479,79,energy,0.653
480,80,energy,0.6659999999999999
481,81,energy,0.615
482,82,energy,0.663
483,83,energy,0.5905
484,84,energy,0.604
485,85,energy,0.608
486,86,energy,0.63
487,87,energy,0.62
488,88,energy,0.6920000000000001
489,89,energy,0.578
490,90,energy,0.6579999999999999
491,91,energy,0.6659999999999999
492,92,energy,0.6859999999999999
493,93,energy,0.45799999999999996
494,94,energy,0.7934999999999999
495,95,energy,0.48
496,96,energy,0.639
497,97,energy,0.765
498,99,energy,0.722
499,100,energy,0.573
500,0,instrumentalness,0.08505
501,1,instrumentalness,0.0075899999999999995
502,2,instrumentalness,0.0202
503,3,instrumentalness,0.01
504,4,instrumentalness,0.004880000000000001
505,5,instrumentalness,0.0135
506,6,instrumentalness,0.00932
507,7,instrumentalness,0.004745
508,8,instrumentalness,0.00559
509,9,instrumentalness,0.00625
510,10,instrumentalness,0.0022899999999999995
511,11,instrumentalness,0.00155
512,12,instrumentalness,0.0008675
513,13,instrumentalness,0.00031299999999999996
514,14,instrumentalness,0.00015
515,15,instrumentalness,0.000505
516,16,instrumentalness,0.000426
517,17,instrumentalness,0.00044249999999999997
518,18,instrumentalness,0.00011899999999999999
519,19,instrumentalness,0.000212
520,20,instrumentalness,0.000186
521,21,instrumentalness,0.00022999999999999998
522,22,instrumentalness,0.000416
523,23,instrumentalness,0.000332
524,24,instrumentalness,0.000375
525,25,instrumentalness,0.000431
526,26,instrumentalness,0.000337
527,27,instrumentalness,0.0004764999999999999
528,28,instrumentalness,0.0005009999999999999
529,29,instrumentalness,0.0004
530,30,instrumentalness,0.00047400000000000003
531,31,instrumentalness,0.00036
532,32,instrumentalness,0.000333
533,33,instrumentalness,0.00031299999999999996
534,34,instrumentalness,0.000322
535,35,instrumentalness,0.00028700000000000004
536,36,instrumentalness,0.00019549999999999998
537,37,instrumentalness,0.000134
538,38,instrumentalness,0.000152
539,39,instrumentalness,9.69e-05
540,40,instrumentalness,0.00011100000000000001
541,41,instrumentalness,8.960000000000001e-05
542,42,instrumentalness,0.000101
543,43,instrumentalness,9.995000000000002e-05
544,44,instrumentalness,4.35e-05
545,45,instrumentalness,5.29e-05
546,46,instrumentalness,5.570000000000001e-05
547,47,instrumentalness,3.575e-05
548,48,instrumentalness,3.08e-05
549,49,instrumentalness,5.5e-05
550,50,instrumentalness,3.47e-05
551,51,instrumentalness,2.8199999999999998e-05
552,52,instrumentalness,2.61e-05
553,53,instrumentalness,1.7899999999999998e-05
554,54,instrumentalness,2.08e-05
555,55,instrumentalness,9.82e-06
556,56,instrumentalness,2.0750000000000003e-05
557,57,instrumentalness,7.24e-06
558,58,instrumentalness,8.56e-06
559,59,instrumentalness,3.8400000000000005e-06
560,60,instrumentalness,7.91e-06
561,61,instrumentalness,4.81e-06
562,62,instrumentalness,4.93e-06
563,63,instrumentalness,8.18e-06
564,64,instrumentalness,4.7e-06
565,65,instrumentalness,2.5999999999999997e-06
566,66,instrumentalness,2.29e-06
567,67,instrumentalness,2.2e-06
568,68,instrumentalness,0.0
569,69,instrumentalness,1.22e-06
570,70,instrumentalness,1.095e-06
571,71,instrumentalness,0.0
572,72,instrumentalness,5.15e-07
573,73,instrumentalness,1.06e-06
574,74,instrumentalness,0.0
575,75,instrumentalness,0.0
576,76,instrumentalness,0.0
577,77,instrumentalness,0.0
578,78,instrumentalness,0.0
579,79,instrumentalness,0.0
580,80,instrumentalness,0.0
581,81,instrumentalness,0.0
582,82,instrumentalness,0.0
583,83,instrumentalness,9.85e-07
584,84,instrumentalness,0.0
585,85,instrumentalness,0.0
586,86,instrumentalness,0.0
587,87,instrumentalness,3.77e-06
588,88,instrumentalness,1.46e-06
589,89,instrumentalness,0.0
590,90,instrumentalness,0.0
591,91,instrumentalness,3.95e-06
592,92,instrumentalness,0.0
593,93,instrumentalness,0.0004623500000000001
594,94,instrumentalness,7.55e-07
595,95,instrumentalness,0.0
596,96,instrumentalness,7.95e-07
597,97,instrumentalness,0.0
598,99,instrumentalness,0.0
599,100,instrumentalness,5.22e-05
600,0,liveness,0.158
601,1,liveness,0.16
602,2,liveness,0.152
603,3,liveness,0.151
604,4,liveness,0.145
605,5,liveness,0.13699999999999998
606,6,liveness,0.14300000000000002
607,7,liveness,0.138
608,8,liveness,0.14300000000000002
609,9,liveness,0.14
610,10,liveness,0.1395
611,11,liveness,0.141
612,12,liveness,0.141
613,13,liveness,0.145
614,14,liveness,0.14300000000000002
615,15,liveness,0.139
616,16,liveness,0.141
617,17,liveness,0.141
618,18,liveness,0.13699999999999998
619,19,liveness,0.13699999999999998
620,20,liveness,0.14
621,21,liveness,0.13699999999999998
622,22,liveness,0.135
623,23,liveness,0.134
624,24,liveness,0.135
625,25,liveness,0.139
626,26,liveness,0.134
627,27,liveness,0.138
628,28,liveness,0.1365
629,29,liveness,0.1355
630,30,liveness,0.138
631,31,liveness,0.135
632,32,liveness,0.132
633,33,liveness,0.13
634,34,liveness,0.132
635,35,liveness,0.128
636,36,liveness,0.128
637,37,liveness,0.129
638,38,liveness,0.128
639,39,liveness,0.129
640,40,liveness,0.129
641,41,liveness,0.132
642,42,liveness,0.127
643,43,liveness,0.129
644,44,liveness,0.132
645,45,liveness,0.127
646,46,liveness,0.128
647,47,liveness,0.1285
648,48,liveness,0.127
649,49,liveness,0.125
650,50,liveness,0.127
651,51,liveness,0.124
652,52,liveness,0.125
653,53,liveness,0.126
654,54,liveness,0.125
655,55,liveness,0.128
656,56,liveness,0.127
657,57,liveness,0.126
658,58,liveness,0.125
659,59,liveness,0.121
660,60,liveness,0.125
661,61,liveness,0.126
662,62,liveness,0.122
663,63,liveness,0.12300000000000001
664,64,liveness,0.12300000000000001
665,65,liveness,0.1235
666,66,liveness,0.121
667,67,liveness,0.1205
668,68,liveness,0.126
669,69,liveness,0.12300000000000001
670,70,liveness,0.122
671,71,liveness,0.12
672,72,liveness,0.12300000000000001
673,73,liveness,0.12
674,74,liveness,0.11850000000000001
675,75,liveness,0.115
676,76,liveness,0.122
677,77,liveness,0.12300000000000001
678,78,liveness,0.11199999999999999
679,79,liveness,0.11900000000000001
680,80,liveness,0.121
681,81,liveness,0.115
682,82,liveness,0.113
683,83,liveness,0.118
684,84,liveness,0.125
685,85,liveness,0.11850000000000001
686,86,liveness,0.132
687,87,liveness,0.109
688,88,liveness,0.141
689,89,liveness,0.131
690,90,liveness,0.158
691,91,liveness,0.11
692,92,liveness,0.129
693,93,liveness,0.1085
694,94,liveness,0.19749999999999998
695,95,liveness,0.1033
696,96,liveness,0.09140000000000001
697,97,liveness,0.0936
698,99,liveness,0.272
699,100,liveness,0.113
700,0,loudness,0.7086915668311018
701,1,loudness,0.7052384308198262
702,2,loudness,0.7220264662125128
703,3,loudness,0.7237647795787331
704,4,loudness,0.7317046433325504
705,5,loudness,0.7362618432385875
706,6,loudness,0.7287134915041893
707,7,loudness,0.7253934695795161
708,8,loudness,0.7226059040012529
709,9,loudness,0.7241719520789289
710,10,loudness,0.72827499804244
711,11,loudness,0.7287761334272963
712,12,loudness,0.7281497141962259
713,13,loudness,0.7340223944875108
714,14,loudness,0.7343042831414925
715,15,loudness,0.7293085897737062
716,16,loudness,0.7323310625636208
717,17,loudness,0.7333255030929451
718,18,loudness,0.7383916686242269
719,19,loudness,0.7469892725706679
720,20,loudness,0.7478349385326131
721,21,loudness,0.7472085193015426
722,22,loudness,0.751773549447968
723,23,loudness,0.7518283611306867
724,24,loudness,0.758468404980033
725,25,loudness,0.7570746221909013
726,26,loudness,0.760942760942761
727,27,loudness,0.759870018009553
728,28,loudness,0.7601049252212043
729,29,loudness,0.7609192702215959
730,30,loudness,0.7638556103672384
731,31,loudness,0.7654216584449143
732,32,loudness,0.7679899772923029
733,33,loudness,0.7701354631587191
734,34,loudness,0.7706052775820218
735,35,loudness,0.7748257771513586
736,36,loudness,0.7786077832589461
737,37,loudness,0.7817320491739097
738,38,loudness,0.7837914023960536
739,39,loudness,0.7872915198496595
740,40,loudness,0.7938924124970637
741,41,loudness,0.7970636598543577
742,42,loudness,0.8015190666353458
743,43,loudness,0.8024352047607862
744,44,loudness,0.8059979641374991
745,45,loudness,0.8088325111580925
746,46,loudness,0.8100853496202334
747,47,loudness,0.8133662203429646
748,48,loudness,0.8132487667371389
749,49,loudness,0.8170072821235612
750,50,loudness,0.8184323858742464
751,51,loudness,0.8209693837600816
752,52,loudness,0.8200297549134759
753,53,loudness,0.8214235377026076
754,54,loudness,0.8226607156839716
755,55,loudness,0.8258241328008771
756,56,loudness,0.8231775115496047
757,57,loudness,0.8287526427061311
758,58,loudness,0.8304361443896329
759,59,loudness,0.8318769086210946
760,60,loudness,0.8301072742933209
761,61,loudness,0.8309372797744892
762,62,loudness,0.8300994440529325
763,63,loudness,0.8295669877065227
764,64,loudness,0.8314932268420641
765,65,loudness,0.8350090047764467
766,66,loudness,0.8343121133818809
767,67,loudness,0.8346253229974161
768,68,loudness,0.8392451648265602
769,69,loudness,0.8359721243442174
770,70,loudness,0.8398480933364655
771,71,loudness,0.8372249628063582
772,72,loudness,0.8399890376634563
773,73,loudness,0.8435204760786157
774,74,loudness,0.8420953723279305
775,75,loudness,0.84311330357842
776,76,loudness,0.8399342259807376
777,77,loudness,0.8466055907916374
778,78,loudness,0.8460887949260043
779,79,loudness,0.845838227233576
780,80,loudness,0.8516639260825308
781,81,loudness,0.8452666196852244
782,82,loudness,0.8432933991073526
783,83,loudness,0.8411557434813249
784,84,loudness,0.842330279539582
785,85,loudness,0.8491582491582492
786,86,loudness,0.8504424085819435
787,87,loudness,0.8337013546315872
788,88,loudness,0.849956933677864
789,89,loudness,0.8394017696343279
790,90,loudness,0.843630099444053
791,91,loudness,0.8676532769556026
792,92,loudness,0.8628298488763606
793,93,loudness,0.8093023255813955
794,94,loudness,0.8799154334038055
795,95,loudness,0.8211808002505677
796,96,loudness,0.8343669250645995
797,97,loudness,0.8705661263800799
798,99,loudness,0.8839088560018793
799,100,loudness,0.7821000704721636
800,0,speechiness,0.0566
801,1,speechiness,0.0514
802,2,speechiness,0.0466
803,3,speechiness,0.0471
804,4,speechiness,0.04485
805,5,speechiness,0.0446
806,6,speechiness,0.0443
807,7,speechiness,0.043
808,8,speechiness,0.0438
809,9,speechiness,0.0434
810,10,speechiness,0.0425
811,11,speechiness,0.0428
812,12,speechiness,0.041049999999999996
813,13,speechiness,0.0412
814,14,speechiness,0.0411
815,15,speechiness,0.0409
816,16,speechiness,0.0413
817,17,speechiness,0.0404
818,18,speechiness,0.0403
819,19,speechiness,0.0409
820,20,speechiness,0.04015
821,21,speechiness,0.0405
822,22,speechiness,0.0403
823,23,speechiness,0.0404
824,24,speechiness,0.0413
825,25,speechiness,0.0405
826,26,speechiness,0.0411
827,27,speechiness,0.0405
828,28,speechiness,0.0413
829,29,speechiness,0.04115
830,30,speechiness,0.0415
831,31,speechiness,0.0411
832,32,speechiness,0.0411
833,33,speechiness,0.0418
834,34,speechiness,0.0411
835,35,speechiness,0.0424
836,36,speechiness,0.0418
837,37,speechiness,0.04265
838,38,speechiness,0.0418
839,39,speechiness,0.042
840,40,speechiness,0.043
841,41,speechiness,0.0429
842,42,speechiness,0.0434
843,43,speechiness,0.0432
844,44,speechiness,0.0429
845,45,speechiness,0.044000000000000004
846,46,speechiness,0.0434
847,47,speechiness,0.0431
848,48,speechiness,0.0441
849,49,speechiness,0.0438
850,50,speechiness,0.0431
851,51,speechiness,0.0446
852,52,speechiness,0.0439
853,53,speechiness,0.0436
854,54,speechiness,0.0426
855,55,speechiness,0.0433
856,56,speechiness,0.0445
857,57,speechiness,0.046
858,58,speechiness,0.04455
859,59,speechiness,0.04635
860,60,speechiness,0.04635
861,61,speechiness,0.04715
862,62,speechiness,0.0478
863,63,speechiness,0.0476
864,64,speechiness,0.0472
865,65,speechiness,0.04695
866,66,speechiness,0.0504
867,67,speechiness,0.0529
868,68,speechiness,0.0507
869,69,speechiness,0.0569
870,70,speechiness,0.054150000000000004
871,71,speechiness,0.0576
872,72,speechiness,0.0553
873,73,speechiness,0.05655
874,74,speechiness,0.052000000000000005
875,75,speechiness,0.0594
876,76,speechiness,0.0568
877,77,speechiness,0.0599
878,78,speechiness,0.0566
879,79,speechiness,0.05865
880,80,speechiness,0.0626
881,81,speechiness,0.0539
882,82,speechiness,0.056900000000000006
883,83,speechiness,0.04965
884,84,speechiness,0.0618
885,85,speechiness,0.0639
886,86,speechiness,0.0767
887,87,speechiness,0.0994
888,88,speechiness,0.0486
889,89,speechiness,0.0559
890,90,speechiness,0.133
891,91,speechiness,0.105
892,92,speechiness,0.0664
893,93,speechiness,0.06175
894,94,speechiness,0.0726
895,95,speechiness,0.12725
896,96,speechiness,0.22039999999999998
897,97,speechiness,0.0993
898,99,speechiness,0.0369
899,100,speechiness,0.0544
900,0,tempo,0.43879436730771604
901,1,tempo,0.4362051193600184
902,2,tempo,0.43637759900126083
903,3,tempo,0.43489920207632643
904,4,tempo,0.44834234744791734
905,5,tempo,0.44636704488988
906,6,tempo,0.4562866775903773
907,7,tempo,0.4468085106382979
908,8,tempo,0.4565228104325543
909,9,tempo,0.45188434008057266
910,10,tempo,0.4474676292673312
911,11,tempo,0.4466524576295548
912,12,tempo,0.4505496761900069
913,13,tempo,0.4464635513558133
914,14,tempo,0.4589231521065103
915,15,tempo,0.4509603420024887
916,16,tempo,0.44635677824456793
917,17,tempo,0.4611941340495346
918,18,tempo,0.45737083533532913
919,19,tempo,0.4562127577441306
920,20,tempo,0.4649414595884307
921,21,tempo,0.46747321432238087
922,22,tempo,0.46907891764918463
923,23,tempo,0.4752306915201617
924,24,tempo,0.4724032574012247
925,25,tempo,0.4791854032943612
926,26,tempo,0.4805611337661751
927,27,tempo,0.47617111623074493
928,28,tempo,0.4821113972082938
929,29,tempo,0.47663927525697414
930,30,tempo,0.4800190548936991
931,31,tempo,0.4782039120025297
932,32,tempo,0.4771813541294501
933,33,tempo,0.48097179957865693
934,34,tempo,0.47860636449876187
935,35,tempo,0.4812982788995799
936,36,tempo,0.479144336713113
937,37,tempo,0.47260243032027827
938,38,tempo,0.4753005047082835
939,39,tempo,0.4806083603346105
940,40,tempo,0.4805611337661751
941,41,tempo,0.4851462175625341
942,42,tempo,0.4810333994505292
943,43,tempo,0.4839881399713356
944,44,tempo,0.4802983076461868
945,45,tempo,0.48801471826271936
946,46,tempo,0.48190401097299057
947,47,tempo,0.47833327173346146
948,48,tempo,0.48612976218342807
949,49,tempo,0.48634330840591855
950,50,tempo,0.49086063234321803
951,51,tempo,0.4877765320914799
952,52,tempo,0.48957524835015015
953,53,tempo,0.4807377200655422
954,54,tempo,0.49278254834563284
955,55,tempo,0.4910331119844604
956,56,tempo,0.48472528510474033
957,57,tempo,0.4884335973914508
958,58,tempo,0.4828978222391964
959,59,tempo,0.4906532461079148
960,60,tempo,0.48869026352425193
961,61,tempo,0.49636971421766113
962,62,tempo,0.49332873387623355
963,63,tempo,0.49278254834563284
964,64,tempo,0.49274969508063426
965,65,tempo,0.4929036947603149
966,66,tempo,0.49288726812781564
967,67,tempo,0.4930926010340565
968,68,tempo,0.5008521315608997
969,69,tempo,0.5029218872558079
970,70,tempo,0.4929303880381263
971,71,tempo,0.4930782277306196
972,72,tempo,0.49171071057505533
973,73,tempo,0.4919139901522338
974,74,tempo,0.48470269848505376
975,75,tempo,0.48971898138451875
976,76,tempo,0.49303716114937146
977,77,tempo,0.4929221747218766
978,78,tempo,0.4926470286275138
979,79,tempo,0.4853802970756487
980,80,tempo,0.4930535877818708
981,81,tempo,0.49286673483719157
982,82,tempo,0.46878734492232255
983,83,tempo,0.5001519463506183
984,84,tempo,0.50490129647197
985,85,tempo,0.4620709055591831
986,86,tempo,0.5053489222075751
987,87,tempo,0.49292628138000144
988,88,tempo,0.48033526756931016
989,89,tempo,0.47343197526149144
990,90,tempo,0.5751046171157298
991,91,tempo,0.6163108247401512
992,92,tempo,0.4516420472512084
993,93,tempo,0.40263113586057075
994,94,tempo,0.5400111701100996
995,95,tempo,0.4332893920913978
996,96,tempo,0.5689528432447527
997,97,tempo,0.46833971918671746
998,99,tempo,0.3736607161190438
999,100,tempo,0.4514367143449675
